question,answer
How much does it cost to charge an electric vehicle at home?,It can cost between $40 to $53 per month if you pay the national average of 16 cents per kWh.
What factors affect the cost of charging an electric vehicle at home?,The cost depends on how much you drive and the price you pay for residential electricity.
What is the average cost of residential electricity in the U.S.?,The national average is 16 cents per kilowatt-hour (kWh).
How much does charging an electric vehicle cost if electricity is priced at 25 cents per kWh?,The monthly cost would be between $63 to $83.
How many miles does an electric vehicle typically drive per kWh?,An electric vehicle typically drives 3-4 miles per kWh.
"How much does it cost to fuel a gasoline-powered car for 1,000 miles per month?",It would cost about $132 per month with the average gas price of $3.68 per gallon.
What is the average fuel economy of an economical car?,An economical car has an average of 30 miles per gallon (mpg).
"How many times would you need to refuel a gasoline car to drive 1,000 miles per month?",You would need to refuel at least three times per month.
How much driving range does a 12-gallon tank of gas provide?,A 12-gallon tank provides about 360 miles of driving range.
"How many gallons of gas are needed to drive 1,000 miles in a car that gets 30 mpg?","You would need about 33.33 gallons of gas to drive 1,000 miles."
What is the average price of gasoline per gallon as of now?,The average price of gasoline is about $3.68 per gallon.
"What is the monthly fuel expense for driving 1,000 miles in a car that gets 30 mpg?",The monthly fuel expense would be around $132.
How does the electricity rate impact the monthly charging cost for an electric vehicle?,Higher electricity rates increase the monthly cost of charging an electric vehicle.
What is the impact of driving more miles on the cost of charging an electric vehicle?,"The more miles you drive, the higher your monthly charging costs will be."
Is it cheaper to charge an electric vehicle or fuel a gasoline car?,Charging an electric vehicle is generally cheaper than fueling a gasoline car for the same mileage.
How much does it cost to charge an electric vehicle?,"It depends on how much you drive and the price you pay for electricity, with typical costs ranging from $40 to $83 per month."
What is the national average price for residential electricity?,The national average is 16 cents per kilowatt-hour.
How many miles can an electric car travel on 1 kWh?,"On average, 3 to 4 driving miles equal 1 kWh."
How much does it cost to charge an EV at 25 cents per kWh?,"If your electricity rate is 25 cents per kWh, the EV recharging cost would be $63 to $83 per month."
What is the average price of gasoline?,The average price of gasoline is around $3.68 per gallon.
How many miles can an economical car drive on a full tank?,An economical car with a 12-gallon tank can drive 360 miles per full tank.
"How much does it cost to drive 1,000 miles with a gasoline car?","For a car that averages 30 mpg, the fuel cost for 1,000 miles would be approximately $132."
"How often do you need to refuel a gasoline car driving 1,000 miles a month?",You would need to refuel the car at least three times each month.
How does EV recharging compare to gasoline refueling in cost?,"Recharging an EV typically costs $40 to $83 per month, which is cheaper than the $132 monthly cost for refueling a gasoline car."
How many miles can you drive on a full charge of an EV?,"The range varies by model, but on average, an EV can travel between 150 and 350 miles on a full charge."
What is Level 1 charging for electric cars?,"Level 1 charging uses standard household three-prong outlets, typically adding about 4 miles of range per hour."
How long does it take to charge an electric car using Level 1 charging?,Level 1 charging can take at least 36 hours to fully charge a vehicle like the Chevrolet Bolt EV.
What type of outlet is used for Level 1 charging?,"Level 1 charging uses standard household three-prong outlets, like the ones for computers or desk lamps."
What is Level 2 charging for electric cars?,"Level 2 charging uses 240 volts of power and typically requires an external device that plugs into a receptacle, like the one for an electric clothes dryer."
What is the charging rate for Level 2 charging?,Level 2 chargers can add around 25 miles of range per hour to a Chevy Bolt EV.
Is Level 2 charging faster than Level 1?,"Yes, Level 2 charging is faster than Level 1, as it adds significantly more miles of range per hour."
What is Level 3 charging for electric cars?,"Level 3, also called DC fast charging, is the fastest charging option and can add 100 miles of range in about 30 minutes."
Where can I find Level 3 chargers?,Level 3 chargers are typically available only at public charging stations.
Does Level 3 charging cost money?,"Yes, public Level 3 chargers typically cost money to use."
How fast is Level 3 charging compared to Level 2?,"Level 3 charging is much faster than Level 2, as it can add 100 miles of range in just 30 minutes, while Level 2 adds 25 miles per hour."
What is the maximum range added by Level 2 charging?,Level 2 charging can add up to 25 miles of range per hour of charging.
What is the range added by Level 1 charging?,Level 1 charging adds about 4 miles of range per hour.
Are Level 1 chargers commonly used for electric cars?,"No, few electric car users rely on Level 1 charging due to the long charging times."
How long does it take to fully charge a Chevy Bolt EV with Level 2 charging?,"Level 2 charging can fully charge a Chevy Bolt EV much faster than Level 1, typically adding 25 miles per hour."
Why do electric cars charge at different rates?,"Electric cars charge at different rates because the charging process isn't constant and depends on factors like the charger type, battery size, and the car's charging system."
What is range anxiety?,Range anxiety is the apprehension some buyers feel about the limited driving range of electric vehicles compared to traditional gasoline-powered cars.
How far can most electric vehicles travel on a full charge?,Many electric vehicles can travel more than 250 miles on a full battery charge.
What is the range of the most advanced electric vehicles?,The most advanced electric vehicles can travel about 400 miles on a full charge.
How does driving behavior affect the range of an electric vehicle?,"EVs consume more battery power at steady speeds on highways, especially during long drives, compared to start-and-stop driving in cities."
Does the range of an electric car vary with weather conditions?,"Yes, extreme hot and cold temperatures can reduce the range of electric cars due to the impact on battery chemistry and the use of air conditioning or heating."
How does temperature affect the range of electric cars?,"Both hot and cold temperatures negatively affect the range of electric cars, partly due to the use of air conditioning or heaters, and the impact on battery chemistry."
Can electric vehicles perform well in city traffic?,"Yes, both long-range and short-range EVs perform well in stop-and-go driving, such as during rush hour."
Do all electric vehicles have the same driving range?,"No, electric vehicle range can vary, with some models offering more than 250 miles and others reaching up to 400 miles on a full charge."
What are the main factors that impact the driving range of electric vehicles?,"The driving range of electric vehicles is impacted by driving conditions, temperature, driving speed, and battery capacity."
Do electric cars have a shorter range than gasoline-powered cars?,"Electric cars generally have a shorter range than gasoline-powered cars, but modern EVs can travel 250 to 400 miles on a full charge, which is sufficient for most daily driving needs."
Can electric vehicles handle long road trips?,"Yes, while EVs use more battery power at steady highway speeds, many long-range electric vehicles can still manage long road trips with careful planning for charging stops."
How does extreme weather affect electric vehicle battery life?,Extreme temperatures can shorten the battery life of electric vehicles by stressing the battery's chemistry and increasing the energy required to heat or cool the car.
Are electric cars suitable for daily commutes?,"Yes, most electric cars can easily accommodate daily commuting, with many offering more than 250 miles of range on a full charge."
Why do electric cars consume more battery at highway speeds?,Electric cars consume more battery at highway speeds because maintaining a constant speed requires more energy compared to the stop-and-go driving in cities.
What improvements are being made to electric car batteries?,Electric car battery manufacturers are continuously improving battery capacity and recharge times to enhance range and convenience.
Are electric vehicles more expensive than gasoline-powered cars?,"Yes, the sticker price of electric vehicles is typically higher than comparable gasoline-powered models."
Can you receive a tax break when purchasing a new EV?,"Yes, buyers of some new EVs and plug-in hybrid electric vehicles (PHEVs) might receive a tax break, although the rules can be complex."
Do electric vehicle tax credits apply immediately?,"No, electric vehicle tax credits may not be immediate, and the process can be difficult to navigate."
What is one of the downsides of buying a new electric vehicle?,Electric vehicles tend to have greater depreciation compared to their gasoline-powered counterparts.
Is depreciation higher for EVs or gasoline cars?,EVs typically experience greater depreciation than gasoline-powered cars.
How can depreciation be beneficial when buying a used electric car?,"Depreciation can be a benefit when buying a used electric car, as the lower price may offer better value."
What should you consider when buying a used electric vehicle?,"Consider the battery life, whether the battery has been replaced, how much warranty remains, and the vehicle's history."
Why is battery life important when buying a used electric car?,"Battery life is important because the battery degrades over time, and a shorter range could impact the car's value and usability."
What should you ask about the battery when buying a used EV?,Ask whether the battery has been replaced and request documentation of any replacement if applicable.
What is the typical warranty coverage for electric car batteries?,"Most electric car batteries are covered by warranty for 8 years or 100,000 miles, whichever comes first."
Is the battery warranty transferable to a new owner?,"Not all battery warranties are transferable to subsequent owners, so it's important to check the details of the warranty."
How can you determine the fair price of a used electric car?,Use the Kelley Blue Book valuation tool to determine the fair purchase price of the vehicle.
Why should you check for recalls when buying a used electric vehicle?,Checking for recalls ensures that you're aware of any potential safety or performance issues with the car.
How can repeated recalls affect your decision to buy a used EV?,"Repeated recalls may be a red flag, and you might want to use this information as leverage in negotiations or reconsider the purchase."
What is one thing you can use as leverage when buying a used EV?,You can use the battery life or any history of battery replacement as bargaining points.
How does battery degradation affect an electric car?,"Battery degradation reduces the range of the electric car, which may be an issue for buyers depending on their driving needs."
What does it mean if a used electric car has had its battery replaced?,"If a used electric car has had its battery replaced, it means the previous owner invested in a new battery, extending the vehicle's lifespan."
What should you confirm about battery replacement when buying a used EV?,Ensure that the seller can provide documentation confirming the battery replacement work.
Can used electric vehicles still have a battery warranty?,"Yes, many used electric vehicles still have battery warranty coverage, but check the terms for transferability."
What is the significance of having a battery warranty on a used electric car?,A battery warranty provides peace of mind about the condition of the battery and covers potential future costs.
What is the main benefit of owning an all-electric vehicle?,"The main benefit is lower overall fuel costs, as EVs run on electricity which is generally cheaper than gasoline."
Do all-electric vehicles have lower maintenance costs?,"Yes, fully electric vehicles often have lower maintenance costs because they have fewer components compared to gas-powered cars."
What maintenance does a fully electric car require?,"A fully electric car typically requires rotating its specialized tires and replacing wipers, but it doesn’t need oil changes or tune-ups."
Can you charge an all-electric car at home?,"Yes, all-electric cars can be charged at home when not in use, which eliminates the need to stop at a gas station."
What is a plug-in hybrid vehicle (PHEV)?,"A plug-in hybrid vehicle (PHEV) is a car that combines an electric motor with a gasoline engine, offering both electric and gasoline power."
How far can a plug-in hybrid drive on electric power alone?,"Most plug-in hybrid vehicles can drive to and from work on electric power alone, depending on the size of their battery pack."
What happens when the battery of a plug-in hybrid runs out?,"Once the battery is depleted, a gas engine seamlessly kicks on to power the car, allowing it to continue driving."
How does a plug-in hybrid switch between electric and gas power?,A plug-in hybrid alternates between gasoline and electric power depending on how much power is needed at any given time.
What is regenerative braking in a plug-in hybrid?,"Regenerative braking captures energy that would otherwise be lost when coasting or slowing down, and feeds it back into the battery."
How does regenerative braking help reduce fuel consumption?,"It reduces reliance on the gas engine by recharging the battery while driving, especially during braking or coasting."
What are the benefits of a plug-in hybrid compared to a fully electric vehicle?,"PHEVs offer the flexibility of both electric and gasoline power, making them ideal for longer trips while still being eco-friendly for shorter commutes."
Can a plug-in hybrid be driven without ever using gasoline?,"Yes, a plug-in hybrid can be driven entirely on electric power for short trips, as long as the battery remains charged."
Do all-electric cars require gas stations?,"No, all-electric cars do not require gas stations since they are charged using electricity, typically at home."
What is the driving range of a typical plug-in hybrid vehicle on electric power?,"The driving range of a plug-in hybrid on electric power typically varies between 20 and 50 miles, depending on the battery size."
Is it cheaper to own a fully electric vehicle compared to a hybrid?,"It can be cheaper to own an all-electric vehicle, as it has lower fuel and maintenance costs compared to hybrid vehicles, though the upfront cost may be higher."
Are there more options for all-electric cars or hybrids?,"As of now, there are more hybrid options available, but the number of all-electric vehicles is steadily increasing."
Can you use a plug-in hybrid for long trips?,"Yes, you can use a plug-in hybrid for long trips since the gasoline engine will automatically switch on when the battery is depleted."
Do plug-in hybrids have electric-only modes?,"Yes, most plug-in hybrids have an electric-only mode that allows them to run solely on electricity for shorter distances."
What is the advantage of choosing a plug-in hybrid over a gasoline car?,A plug-in hybrid combines the fuel efficiency and eco-friendliness of an electric motor with the flexibility of a gasoline engine for longer trips.
Are electric cars as safe as traditional gas-powered vehicles?,"Yes, driving an electric car is no more dangerous than driving a traditional gas-powered vehicle."
What is adaptive cruise control?,"Adaptive cruise control automatically adjusts the vehicle's speed to match the flow of traffic, slowing down or speeding up as necessary."
Is adaptive cruise control available on all EVs?,"Adaptive cruise control is a common feature on many EVs, but may only be available on higher trims or models."
What does blind-spot monitoring with rear cross-traffic alert do?,It detects vehicles in adjacent lanes and warns the driver of objects behind the vehicle or approaching from the rear while reversing.
How does forward collision warning with emergency braking work?,It detects potential collisions with objects or vehicles ahead and automatically applies the brakes if the driver doesn’t react to the warning.
What is lane-departure warning?,Lane-departure warning alerts the driver when the vehicle unintentionally drifts out of its lane.
What does lane-keeping assist do?,Lane-keeping assist nudges the vehicle back into its lane if the driver fails to respond to the lane-departure warning.
What is lane-centering assist?,"Lane-centering assist keeps the vehicle centered in its lane, working alongside lane-departure warning and lane-keeping assist."
How does rear automatic emergency braking work?,Rear automatic emergency braking detects obstacles behind the vehicle when reversing and automatically applies the brakes to prevent a collision.
What is a 360-degree surround camera system?,A 360-degree camera system uses cameras placed around the vehicle to provide an all-around view to assist with parking and maneuvering in tight spaces.
Does automatic high-beam technology come with all electric cars?,"Automatic high-beam technology is available on many EVs, but it may only come standard on certain models or trims."
What does automatic high-beam technology do?,"It automatically switches the vehicle’s high beams on or off based on the distance between the car and other vehicles, enhancing night driving safety."
Are safety features in electric vehicles more expensive?,"No, price isn’t necessarily an indication of the level of safety technology an electric vehicle has. Many advanced features are available on lower trims as well."
What is the purpose of the forward collision warning system?,"The forward collision warning system detects when a crash is imminent and warns the driver to take action, often triggering automatic braking if necessary."
How does the rear cross-traffic alert help drivers?,It helps drivers avoid accidents when reversing by detecting vehicles approaching from the side or rear and alerting the driver.
What is the advantage of the 360-degree camera system in parking?,"The 360-degree camera system provides a complete view around the vehicle, helping drivers navigate tight parking spaces with better visibility."
Is lane-keeping assist part of the standard safety package?,"In many newer EVs, lane-keeping assist is a standard or available feature, especially on higher trims."
Does lane-centering assist prevent lane departure?,"Lane-centering assist helps keep the vehicle centered in its lane, complementing other features like lane-departure warning and lane-keeping assist."
Can forward collision warning prevent an accident?,"While forward collision warning alerts the driver of an impending crash, it can also trigger automatic braking if the driver doesn't react in time."
Is rear automatic emergency braking important for parking?,"Yes, it’s especially useful when backing up as it automatically applies the brakes to prevent hitting objects behind the vehicle."
What percentage of U.S. greenhouse gas emissions comes from the transportation sector?,28 percent
Why is the electric vehicle (EV) revolution important?,It is essential in the fight against climate change.
How much did EV sales grow in 2023?,EV sales grew by 50.7 percent year-over-year.
What is the projected decline in the average purchase price of EVs by 2030?,The average purchase price is expected to decline by 25 percent.
How many EVs were sold in the United States in 2023?,Over 1.4 million EVs were sold.
What is the share of EVs in U.S. new passenger vehicle sales in 2023?,EVs made up 9.1 percent of new passenger vehicle sales.
What factors are driving the growing adoption of EVs?,"Increasing model variety and consumer economics, including lower fueling and maintenance costs."
How much can EV owners save in lifetime costs compared to gasoline-powered vehicles?,"EV owners can save up to $18,440 in lifetime costs."
What is one major reason for the drop in EV prices in 2023?,Decreasing lithium prices.
How much did the price of the Ford Mustang Mach-E drop from July 2022 to July 2023?,The price dropped by 32.1 percent.
What is the predicted timeline for global oil consumption from gas-powered vehicles to peak?,Oil consumption from gas-powered vehicles is predicted to peak by 2027.
How much investment in EV supply chains has been announced since the Inflation Reduction Act (IRA)?,$92 billion in domestic investments.
How many new jobs have been created in EV manufacturing since the IRA?,"38,635 new jobs."
How many new jobs have been created in battery manufacturing since the IRA?,"102,229 new jobs."
What percentage of U.S. industry investment in 2023 was related to the EV and battery sectors?,Investment in U.S. industry was three times greater than the yearly average from 2010 to 2020.
What percentage of EVs sold in the U.S. in 2022 were assembled in North America?,"More than half of the 931,314 EVs sold were assembled in North America."
Which company assembles 100 percent of its U.S.-sold vehicles in the United States?,Tesla.
What is the percentage of North American parts by value in Tesla's Model Y?,60 percent.
Which vehicle has a higher percentage of North American parts: the Tesla Model Y or the Ford F-150?,"The Tesla Model Y, with 60 percent North American parts, compared to the Ford F-150's 50 percent."
What are some criticisms of Tesla's labor practices?,Tesla has been found guilty of committing unfair labor practices and facing allegations of workplace safety violations.
What is the role of the United Auto Workers in the EV industry?,The United Auto Workers are working to increase union membership across the auto sector.
What U.S. law has helped boost domestic battery manufacturing?,The Inflation Reduction Act (IRA).
How much has the U.S. invested to increase battery manufacturing capacity by 2030?,$34.81 billion.
By how much is U.S. battery manufacturing capacity expected to grow by 2030?,By nearly 20 times relative to 2021.
What does the rising adoption of EVs contribute to beyond climate change?,It contributes to a stronger U.S. economy and more job opportunities.
How is the EV industry contributing to U.S. job growth?,By creating thousands of new jobs in EV and battery manufacturing.
What is one economic benefit of EVs besides environmental impact?,EVs cost significantly less to fuel and maintain than gasoline-powered vehicles.
What kind of impact is the electric vehicle revolution expected to have on oil consumption?,It is expected to cause oil consumption to peak and then steadily decline.
What role do foreign supply chains still play in the EV industry?,Foreign supply chains continue to play a major role due to earlier investments in EV manufacturing.
What is the expected future impact of the IRA on domestic EV manufacturing?,It is expected to increase domestic production and reduce reliance on foreign supply chains.
How has the Infrastructure Investment and Jobs Act (IIJA) contributed to EV manufacturing?,The IIJA has helped stimulate investments in EV and battery manufacturing.
What are some benefits of EV adoption for consumers?,"Lower fueling costs, lower maintenance costs, and potential lifetime savings."
What is the trend regarding the price of fully battery-powered EVs?,"Prices are expected to fall, making EVs more affordable."
How much did the price of the Kia EV6 fall from July 2022 to July 2023?,The price fell by 32.7 percent.
How much did the price of the Tesla Model S drop from July 2022 to July 2023?,The price dropped by 42.1 percent.
Why is the electric vehicle sector important for the future of transportation?,It helps reduce greenhouse gas emissions and dependence on fossil fuels.
What can be expected as EV manufacturing grows in the U.S.?,"An increase in domestic production, job creation, and a stronger economy."
What has been the trend in EV sales growth in the U.S. over recent years?,"EV sales have been steadily increasing, with record highs reached in 2023."
What is the predicted relationship between the prices of EVs and gas-powered vehicles in the coming years?,EVs will cost about the same as gas-powered vehicles in the next two years.
What effect have the IRA and IIJA had on battery manufacturing in the U.S.?,They have helped increase domestic battery manufacturing and production capacity.
What percentage of new EVs are expected to be manufactured in the U.S. by 2030?,"A larger percentage of new EVs are expected to be made domestically, with significant investments in U.S. manufacturing."
What are the main advantages of EVs over traditional gasoline-powered vehicles?,"Lower greenhouse gas emissions, reduced fuel and maintenance costs, and increased adoption due to lower prices."
How much did the price of the Ford Mustang Mach-E fall in 2023?,The price fell by 32.1 percent.
What are the expected lifetime savings of an EV compared to a gasoline-powered vehicle?,"Up to $18,440 in lifetime savings."
What economic shift is happening due to the rise of EVs?,"The U.S. is experiencing a manufacturing renaissance, with investments and job creation in EV and battery industries."
What does the increase in EV adoption signal about the future of the automotive industry?,It signals a shift toward more sustainable and affordable transportation options.
What is one way the U.S. is reducing its reliance on foreign EV supply chains?,Through domestic investments in EV manufacturing and battery production.
What was one of the main drivers for the increasing adoption of EVs in 2023?,The decline in EV prices due to lower lithium prices and government incentives.
How many EVs were assembled in North America in 2022?,"Over half of the 931,314 EVs sold were assembled in North America."
What is the main benefit of the U.S. focusing on domestic EV manufacturing?,"It strengthens the economy, creates jobs, and reduces reliance on foreign supply chains."
How has the price of EVs been impacted by government policies like the IRA?,The IRA has helped lower EV prices through incentives and subsidies.
What are the long-term benefits of investing in the EV and battery manufacturing sectors?,"Job creation, reduced emissions, and a stronger, more sustainable economy."
How is the U.S. incentivizing EV and battery manufacturing?,Through policies like the Inflation Reduction Act and Infrastructure Investment and Jobs Act.
What is one reason for the growth in U.S. domestic EV manufacturing?,Government investments in EV and battery supply chains.
How has the rise of EVs affected global oil consumption?,It is expected to cause oil consumption from gas-powered vehicles to peak by 2027.
What is the role of Tesla in the U.S. EV market?,"Tesla leads the charge in U.S.-made EVs, with all its vehicles assembled in the U.S."
What key factor will help make EVs more affordable in the near future?,The decreasing price of lithium and incentives provided through policies like the IRA.
What impact will EVs have on U.S. auto jobs?,EVs are contributing to the creation of new jobs in both vehicle and battery manufacturing.
How much has investment in U.S. industry increased in 2023 compared to the average from 2010 to 2020?,Investment was three times greater in 2023.
What is one way that the U.S. is attempting to secure a more sustainable auto industry?,By investing in EV and battery manufacturing to reduce reliance on fossil fuels.
What percentage of the battery manufacturing industry in the U.S. has been expanded since 2022?,Investments in U.S. battery manufacturing have increased significantly since 2022.
What are the environmental benefits of EV adoption?,"EVs reduce greenhouse gas emissions, helping fight climate change."
How does the falling cost of EVs help increase adoption?,It makes EVs more affordable for a larger number of consumers.
What role does EV adoption play in the fight against climate change?,"It helps reduce emissions from the transportation sector, one of the largest sources of greenhouse gases."
How does EV adoption contribute to the U.S. economy?,"It stimulates job growth, industry revitalization, and domestic manufacturing investments."
Why are EVs gaining momentum in the U.S. market?,"Due to decreasing costs, government incentives, and environmental benefits."
What is the role of the Inflation Reduction Act in EV growth?,It provides incentives and funding to support the growth of the EV industry.
How has the price of EVs been affected by competition in the market?,Increased competition has helped drive prices down across various EV models.
What was the sales record for EVs in 2023 in the U.S.?,"Over 1.4 million EVs were sold, setting a new annual record."
How are EVs contributing to the diversification of the U.S. auto industry?,They are increasing the variety of vehicles available in the market and reducing dependence on gasoline-powered models.
What is one challenge Tesla faces despite its dominance in the EV market?,Tesla has faced criticisms related to labor practices and workplace safety.
What are the long-term goals of the U.S. government regarding the EV sector?,"To promote sustainable transportation, create jobs, and reduce emissions."
How many public Level 2 and fast-charging stations are there in the United States as of Q2 2023?,"More than 140,000 public Level 2 and fast-charging stations."
How many EV chargers were installed in the United States in 2022?,"An estimated 54,000 EV chargers were installed in 2022."
How much has the private sector invested in charger development and deployment since 2021?,The private sector has invested an estimated $21.5 billion.
How many EV chargers are expected to be installed in the U.S. by 2030?,"An estimated 800,000 chargers are expected to be installed by 2030."
What percentage of demand for Level 2 charging is expected to be met by 2030?,70 percent of the demand for Level 2 charging.
What percentage of demand for Level 3 fast charging is expected to be met by 2030?,More than 100 percent of the demand for Level 3 fast charging.
Which retail outlets are committed to installing EV chargers?,Large retail outlets such as Walmart and Target.
Which major travel centers are committed to installing EV chargers?,Major travel centers such as Pilot.
What program is contributing to EV charger investments through the Infrastructure Investment and Jobs Act (IIJA)?,The National Electric Vehicle Infrastructure Program.
How much money will the IIJA invest in charger deployment?,$7.5 billion.
What did the Inflation Reduction Act do for EV chargers?,"It increased the 30C alternative fuel vehicle credit maximum to $100,000 per EV charger for businesses in low-income or rural census tracts."
What is the role of U.S. automakers in the transition to electric vehicles?,U.S. automakers have everything they need to help the country switch from fossil fuel-powered vehicles to electric.
What has helped U.S. automakers in transitioning to EVs?,Skyrocketing profits and expanding domestic manufacturing.
Which mineral is most important for making EV batteries?,Lithium.
What has happened to lithium prices globally?,Lithium prices have been falling and are expected to continue to decline.
Where are new sources of lithium being found?,Within the United States.
What is the environmental consideration for lithium mining?,"Federal, state, and local governments should require the mining industry to act responsibly to protect the environment, communities, and Tribal rights."
What effect does lower lithium prices have on EV production?,"Lower lithium prices contribute to decreased battery costs, and therefore lower costs for EVs."
What are the other key battery minerals that have fallen in price?,Nickel and cobalt.
How have lower battery costs benefited U.S. automakers?,Lower battery costs provide U.S. automakers with another reason to embrace the clean energy future.
What milestone was achieved in domestic EV sales in 2023?,More than 1 million domestic EV sales were achieved.
How many large-scale manufacturing facilities are under construction in the U.S. for EVs?,More than a dozen large-scale manufacturing facilities are under construction.
What are the major policy incentives propelling the transition to EVs?,The Inflation Reduction Act and the IIJA.
How many policy incentives are contained in the Inflation Reduction Act and the IIJA?,More than 12 policy incentives.
What are the main goals of the EV revolution in the U.S.?,To establish a leadership position in clean technology development and manufacturing.
How does the EV revolution contribute to climate change?,The EV revolution is a direct contribution to the fight against climate change.
What is the broader significance of the EV revolution?,It is a testament to American innovation and a step toward a sustainable and prosperous future.
What is the role of the private sector in the growth of EV chargers?,The private sector's investments play a major role in the development and deployment of EV chargers.
How does the IIJA support the transition to EVs?,The IIJA invests in the National Electric Vehicle Infrastructure Program and the Charging and Fueling Infrastructure Grant Program.
What is the primary goal of the Inflation Reduction Act in relation to EV chargers?,To provide tax credits for businesses installing EV chargers in low-income or rural areas.
How has the availability of lithium impacted EV manufacturing?,The increased availability of lithium has led to lower battery costs and made EVs more affordable.
What is one challenge that the lithium mining industry faces?,The need to mine responsibly to protect the environment and communities.
What is the anticipated number of EV chargers by 2030?,"800,000 EV chargers."
What is the expected supply percentage for Level 2 charging stations by 2030?,70 percent of the demand will be met.
How much will the Inflation Reduction Act's 30C credit be for businesses installing EV chargers?,"$100,000."
What types of areas qualify for the Inflation Reduction Act's 30C credit?,Low-income or rural census tracts.
What is a direct result of the Inflation Reduction Act and the IIJA?,The rapid growth of the EV market and related infrastructure.
How do automakers benefit from falling mineral prices?,"Falling mineral prices help reduce battery costs, making EVs more affordable."
What was a major achievement in EV sales in 2023?,Achieving over 1 million domestic EV sales.
What is the expected outcome of the U.S. EV market by 2030?,"A significant shift toward electric vehicles, supported by infrastructure and manufacturing."
How many new manufacturing facilities are being built for EVs?,More than a dozen new large-scale facilities.
What do the IIJA and Inflation Reduction Act aim to accomplish?,They aim to propel the U.S. to a leadership position in clean energy development.
What industry is expected to benefit from the rise of EVs and charging infrastructure?,The clean technology and manufacturing industries.
How will EV infrastructure development affect rural communities?,The development of EV chargers in rural areas will increase accessibility to electric vehicles.
Why is lithium critical for EV battery production?,"Lithium is a key component of EV batteries, influencing both battery cost and performance."
What is expected to happen to lithium prices as new sources emerge?,Lithium prices are expected to continue falling as new sources emerge.
How much of the EV charger demand will be met by 2030 for fast charging?,More than 100 percent of the demand for Level 3 fast charging.
What environmental concerns exist around lithium mining?,"The need to protect communities, the environment, and Tribal lands."
What is the impact of lower costs for EV batteries on automakers?,Lower battery costs encourage automakers to embrace electric vehicle production.
What is the contribution of the private sector to the growth of the EV charging network?,The private sector's investments are accelerating the development and installation of chargers.
What is the goal of the National Electric Vehicle Infrastructure Program?,To support the expansion of EV charging infrastructure across the U.S.
What federal act boosted the availability of EV chargers in rural areas?,The Inflation Reduction Act.
What is one key effect of expanding EV infrastructure?,It makes electric vehicles more accessible to consumers nationwide.
How much will be invested through the IIJA for charging infrastructure?,$7.5 billion.
How do federal policies contribute to the EV revolution?,They provide funding and tax credits to support infrastructure and EV adoption.
What was a key milestone in the U.S. EV industry in 2023?,Reaching 1 million domestic EV sales.
What was the total investment in charger development by the private sector since 2021?,The private sector invested an estimated $21.5 billion.
What role does nickel and cobalt play in EV battery production?,They are important minerals used in the production of EV batteries.
What is one way to ensure that lithium mining is sustainable?,By requiring responsible practices that protect the environment and communities.
What is the potential impact of the U.S. EV revolution on the global automotive industry?,It positions the U.S. as a leader in the transition to electric vehicles.
How does the growth of EV chargers benefit U.S. consumers?,"It provides more charging options, making EVs more convenient and accessible."
What did the federal government do to encourage EV charger installations?,It provided tax credits and grants through programs like the IIJA.
What are the benefits of increased lithium availability for consumers?,It helps lower the cost of EVs by reducing battery prices.
"What impact will the expected 800,000 chargers by 2030 have?",It will meet the majority of demand for both Level 2 and Level 3 charging.
What is the significance of Walmart and Target installing EV chargers?,It increases the accessibility of EV charging in retail locations.
How many new large-scale manufacturing facilities are under construction for EVs?,More than a dozen facilities.
How have declining battery mineral prices affected EV prices?,They have contributed to lower EV prices.
Why is the Inflation Reduction Act significant for EV adoption?,It provides tax credits to businesses that install EV chargers in underserved areas.
What kind of incentives does the IIJA offer for EV chargers?,It offers grants and funding for charger installation across the U.S.
How many public chargers were estimated to be installed in the U.S. by the end of 2022?,"An estimated 54,000 chargers."
What major milestones are expected for the EV charger network by 2030?,"800,000 chargers installed, meeting or exceeding demand."
How does the increased availability of lithium affect the cost of EV batteries?,It lowers the cost of EV batteries.
What is the goal of the National Electric Vehicle Infrastructure Program?,To expand the availability of EV chargers nationwide.
What does the U.S. automaker industry need to transition to EVs?,"Federal incentives, available minerals, and growing demand for electric vehicles."
How many electric vehicles were sold globally in 2024?,"Approximately 17.1 million EVs were sold worldwide in 2024, representing a 25% increase from the previous year."
What percentage of total car sales did EVs account for globally in 2024?,Electric cars accounted for about 20% of total global car sales in 2024.
How many electric vehicles were sold in China in 2024?,"China sold approximately 12.87 million passenger electric vehicles in 2024, with 60% being battery electric vehicles (BEVs) and 40% plug-in hybrid electric vehicles (PHEVs)."
What was the market share of plug-in electric vehicles in China in 2024?,Plug-in electric vehicles accounted for 47.9% of the overall automotive sales in China in 2024.
How many electric vehicles were sold in the United States in 2024?,"About 1.7 million EVs were sold in the U.S. in 2024, a 21% increase from the 1.4 million sold in 2023."
What percentage of new car sales in the U.S. were electric in 2024?,Electric vehicles accounted for approximately 10.2% of all new car sales in the U.S. in 2024.
What was Tesla's market share in the U.S. EV market in 2024?,Tesla's U.S. EV market share fell to 44% in 2024.
How much did lithium-ion battery prices decrease by 2024?,"Lithium-ion battery prices have fallen significantly since 2010, contributing to the decreasing cost of EVs. Specific percentage reductions vary by source."
What is the average range of a new electric vehicle in 2024?,The average range of a new EV in 2024 is approximately 250-300 miles per charge.
Which electric vehicle has the longest range in 2024?,The Lucid Air Grand Touring has an EPA-estimated range of 516 miles per charge.
How quickly can some EVs charge in 2024?,Some EVs can charge from 10% to 80% in under 20 minutes using ultra-fast DC chargers.
How many public charging stations are there worldwide in 2024?,There are over 3 million public charging points globally as of 2024.
What is the energy efficiency of electric vehicles compared to gasoline cars?,"EVs convert about 85-90% of electrical energy into motion, compared to 20-30% for gasoline cars."
What is the typical lifespan of an EV battery in 2024?,"Most EV batteries last between 100,000-200,000 miles, with some exceeding 300,000 miles."
What incentives are available for EV purchases in the U.S. in 2024?,"The U.S. offers tax credits up to $7,500 for eligible EV purchases in 2024."
How much can EV owners in the U.S. save on fuel annually compared to gasoline car owners?,"EV owners in the U.S. save an average of $800-1,000 per year on fuel compared to gasoline car owners."
Which company became the largest EV manufacturer in 2024?,"BYD surpassed Tesla in Q4 2024 as the world's top EV seller, delivering over 526,000 EVs."
What is the most affordable electric vehicle in 2024?,"The Chevrolet Bolt remains one of the most affordable EVs in 2024, with prices starting around $26,500."
What percentage of an EV battery's materials can be recycled?,Over 95% of an EV battery’s materials can be recycled.
What was the market share of electric vehicles in Norway in 2024?,"In Norway, electric vehicles accounted for approximately 91.6% of new car sales in 2024."
What is an electric vehicle (EV)?,An electric vehicle (EV) is a car powered by electricity instead of gasoline or diesel. It uses a battery and an electric motor for propulsion.
What are the main types of electric vehicles?,"The main types of EVs are Battery Electric Vehicles (BEVs), Plug-in Hybrid Electric Vehicles (PHEVs), and Hybrid Electric Vehicles (HEVs)."
How long does it take to charge an EV?,"Charging time varies by charger type. Level 1 (home outlet) takes 8-20 hours, Level 2 (public/home charger) takes 4-8 hours, and DC fast charging takes 20-60 minutes."
What is the average range of an EV?,"Most EVs today have a range of 250-300 miles per charge, with some models exceeding 400 miles."
How much does it cost to charge an electric car?,"The cost varies by electricity rates but typically ranges from $5 to $15 for a full charge at home, and slightly higher at public fast chargers."
Are electric cars really better for the environment?,"Yes, EVs produce zero tailpipe emissions and have lower lifetime carbon footprints than gas cars, especially when charged with renewable energy."
How long do EV batteries last?,"Most EV batteries last between 100,000 to 200,000 miles, with some exceeding 300,000 miles before noticeable degradation."
Can I charge an EV at home?,"Yes, most EV owners charge at home using a standard outlet (Level 1) or a faster Level 2 home charger."
Are there enough charging stations for EVs?,"Public charging infrastructure is expanding rapidly, with over 3 million public chargers worldwide as of 2024."
Do electric cars require less maintenance?,"Yes, EVs have fewer moving parts, no oil changes, and less wear on brakes, making them cheaper to maintain than gas cars."
What happens if an EV runs out of charge?,"If an EV runs out of charge, it must be towed to a charging station, similar to how a gas car needs refueling when empty."
Are electric cars more expensive than gasoline cars?,"Upfront costs can be higher, but tax incentives, lower fuel costs, and reduced maintenance make EVs more cost-effective in the long run."
How fast can an electric vehicle go?,"EVs can be very fast, with some high-performance models like the Tesla Model S Plaid reaching 0-60 mph in under 2 seconds."
Can I take an EV on a road trip?,"Yes, many EVs have long ranges, and fast-charging networks like Tesla Superchargers and Electrify America make road trips feasible."
What incentives are available for buying an EV?,"In the U.S., federal tax credits up to $7,500 are available, along with state and local incentives depending on your location."
Are electric cars safer than gas-powered cars?,"Yes, EVs often have lower centers of gravity, fewer flammable components, and strong safety ratings due to crash-resistant designs."
Do electric cars work in cold weather?,"Yes, but cold weather can reduce battery efficiency and range, though newer EVs have battery management systems to mitigate this."
Can you charge an EV in the rain?,"Yes, EV chargers are designed to be safe for use in all weather conditions, including rain."
How much does it cost to replace an EV battery?,"Battery replacement costs range from $5,000 to $15,000, but most manufacturers offer long warranties (8-10 years) on batteries."
What is the future of electric vehicles?,"EV adoption is growing rapidly, with advancements in battery technology, charging networks, and government policies accelerating the transition to electric mobility."
Can I install an EV charger at home?,"Yes, you can install a Level 2 home charger for faster charging. Installation costs range from $500 to $2,000, depending on your electrical setup."
Do EVs have gears?,Most EVs have a single-speed transmission because electric motors provide instant torque and do not require multiple gears like gas engines.
How much does it cost to own an EV compared to a gas car?,"While EVs may have a higher upfront cost, they save money on fuel, maintenance, and tax incentives, making them more affordable over time."
Can EV batteries be recycled?,"Yes, over 95% of an EV battery’s materials, including lithium, cobalt, and nickel, can be recycled or repurposed."
Do EVs lose charge when parked for long periods?,"Yes, but very slowly. Most modern EVs lose only a small percentage of charge per day when not in use."
Can I charge my EV with solar panels?,"Yes, many EV owners install solar panels to generate clean energy for charging their vehicles, reducing electricity costs."
What is regenerative braking in an EV?,"Regenerative braking allows EVs to recover energy when slowing down, converting it back into battery power to improve efficiency."
How do electric cars perform compared to gasoline cars?,"EVs offer instant acceleration, smoother rides, and lower center of gravity for better handling compared to gasoline cars."
Are all EVs fully electric?,"No, some EVs are Plug-in Hybrid Electric Vehicles (PHEVs) that use both electricity and gasoline for extended range."
Can an EV battery catch fire?,"While rare, EV batteries can catch fire due to thermal runaway, but incidents are less common than gas car fires."
Can I tow with an electric vehicle?,"Yes, many EVs like the Rivian R1T and Ford F-150 Lightning offer strong towing capabilities, but towing reduces range."
What happens to old EV batteries?,Old EV batteries can be repurposed for energy storage or recycled to extract valuable materials for new batteries.
How many miles per gallon equivalent (MPGe) do EVs get?,"EVs have an MPGe rating, typically between 90-140 MPGe, which represents their efficiency compared to gasoline cars."
Can I drive an EV in the snow?,"Yes, EVs handle well in snow, especially all-wheel-drive models. However, cold weather may reduce battery efficiency."
Do electric cars make noise?,"EVs are much quieter than gas cars, but many have artificial sounds at low speeds to alert pedestrians."
Can I use a regular outlet to charge an EV?,"Yes, but charging with a standard 120V outlet (Level 1) is very slow. A 240V Level 2 charger is recommended for daily use."
What is vehicle-to-grid (V2G) technology?,"V2G allows EVs to send power back to the grid, helping balance energy demand and potentially lowering electricity costs."
What brands make electric cars?,"Many brands make EVs, including Tesla, Ford, GM, Volkswagen, Hyundai, BYD, Rivian, and Lucid, among others."
Will gas stations start offering EV charging?,"Yes, many gas stations are adding fast chargers as demand for EVs grows and fossil fuel use declines."
